period_type, period_max, period_name
"1","01","Escapement period (across years possible)"
"10","54","Weekend beginning Saturday (or Friday if on observed holiday)"
"11","54","Weekday beginning Monday (or first working day following observed holiday)"
"2","26","Bi-weekly (statistical 2 week)"
"3","24","Semi-monthly (calendar)"
"4","12","Statistical month"
"5","12","Calendar month"
"6","54","Statistical week (beginning Monday)"
"7","54","Week (beginning Sunday)"
"8","04","Seasonal periods (01=Spring, 02=Summer, 03=Fall, 04=Winter)"
