fishery, reporting_agency, gear, gear_name
"10","WDFW","41","Troll (Non-treaty)"
"10","ODFW","10","Ocean Troll"
"10","ADFG","10_5","Mark Selective Troll"
"10","CDFO","32","Troll - Day Boat"
"10","CDFO","30","Troll - General"
"10","ADFG","11_5","Traditional Troll"
"10","CDFW","00","Commercial Troll"
"10","CDFO","33","Troll - Ice Boat"
"10","CDFO","31","Troll - Freezer Boat"
"11","CDFO","32","Troll - Day Boat"
"11","ADFG","13_5","Experimental Area Troll"
"11","WDFW","41","Troll (Non-treaty)"
"12","WDFW","41","Troll (Non-treaty)"
"13","CDFO","31","Troll - Freezer Boat"
"14","CDFO","33","Troll - Ice Boat"
"15","WDFW","40","Treaty Troll"
"15","WDFW","10","Hook & Line"
"16","ADFG","12_5","Terminal Area Troll"
"16","NMFS","73","Terminal Troll"
"17","WDFW","41","Troll (Non-treaty)"
"17","WDFW","40","Treaty Troll"
"18","CDFO","07","Rod and Reel"
"18","CDFO","30","Troll - General"
"18","CDFO","31","Troll - Freezer"
"18","CDFO","33","Troll - Ice Boat"
"18","CDFO","32","Troll - Day Boat"
"18","ADFG","17_5","M.I.C. Troll"
"20","CDFO","15","Mixed Net"
"20","CDFO","13","Drift Net"
"20","ADFG","11_3","Traditional Drift Gillnet"
"20","CDFO","10","Gillnet"
"21","WDFW","16","Set Gillnet"
"21","WDFW","11","Dip Bag Net"
"21","ODFW","13","Columbia River Gillnet"
"21","WDFW","14","Non-treaty Drift Gillnet"
"21","WDFW","17","Treaty Drift Gillnet"
"21","WDFW","49","Mixed Gillnet"
"22","USFWS","16","Coastal Net"
"22","WDFW","17","Treaty Drift Gillnet"
"22","WDFW","49","Mixed Gillnet"
"22","ADFG","12_3","Terminal Area Drift Gillnet"
"22","QDNR","16","Coastal Net"
"22","WDFW","14","Non-treaty Drift Gillnet"
"22","WDFW","16","Set Gillnet"
"23","CDFO","15","Mixed Net"
"23","WDFW","10","Hook & Line"
"23","WDFW","14","Non-treaty Drift Gillnet"
"23","WDFW","11","Dip Bag Net"
"23","WDFW","12","Beach Seine"
"23","WDFW","52","Mixed Net"
"23","ODFW","38","Columbia Commercial Beach Seine"
"23","WDFW","19","Non-treaty Purse Seine"
"23","WDFW","51","Treaty Trap"
"23","CDFO","10","Gillnet"
"23","WDFW","49","Mixed Gillnet"
"23","WDFW","29","Treaty Purse Seine"
"23","WDFW","20","Reef Net"
"23","CDFO","20","Seine"
"23","WDFW","15","Round Haul Net"
"23","CDFO","11","Set Net"
"23","ADFG","11_2","Traditional Beach Seine"
"23","CDFO","70","Beach Seine"
"23","CDFO","13","Drift Net"
"23","CDFO","12","Dip Net"
"23","WDFW","17","Treaty Drift Gillnet"
"23","WDFW","16","Set Gillnet"
"24","WDFW","29","Treaty Purse Seine"
"24","WDFW","19","Non-Treaty Purse Seine"
"24","NWIFC","16","Set Gillnet"
"24","WDFW","52","Mixed Net"
"24","STIL","24","Freshwater Net (mixed)"
"24","WDFW","17","Treaty Drift Gillnet"
"24","WDFW","16","Set Gillnet"
"24","QUIL","16","Set Gillnet"
"24","WDFW","10","Hook & Line"
"24","YTFP","YS","Yurok Set Net"
"24","WDFW","12","Beach Seine"
"24","WDFW","11","Dip Bag Net"
"24","CCT","10","Hook & Line"
"24","CCT","11","Dip Bag Net"
"24","CCT","12","Beach Seine"
"24","CCT","19","Non-treaty Purse Seine"
"24","CDFO","10","Gillnet"
"24","CCT","24","Freshwater Net (mixed)"
"24","24","24","24"
"24","CDFO","11","Set Net"
"24","QUIL","24","Frshwater Net (mixed)"
"24","WDFW","14","Non-treaty Drift Gillnet"
"25","CDFO","20","Seine"
"25","ODFW","71","Columbia R Beach Seine"
"25","ODFW","72","Columbia R Purse Seine"
"25","ADFG","11_1","Traditional Purse Seine"
"25","NMFS","11_1","Traditional Purse Seine"
"26","NMFS","77","Terminal Seine"
"26","ADFG","12_1","Terminal Area Purse Seine"
"27","ODFW","36","River Seine (non-Columbia)"
"28","ADFG","11_4","Traditional Set Gillnet"
"29","ODFW","29","Willamette Falls Fish Way Jack Sampling"
"30","ADFG","17_1","M.I.C. Purse Seine"
"30","CDFO","20","Seine"
"31","ADFG","17_3","M.I.C. Drift Gillnet"
"31","CDFO","10","Gillnet"
"32","CDFO","15","Mixed Net"
"32","CDFO","11","Set Net"
"32","CDFO","13","Drift Net"
"32","CDFO","00","Unspecified Net"
"32","CDFO","20","Seine"
"32","CDFO","70","Beach Seine"
"32","CDFO","10","Gillnet"
"33","YTFP","YS","Yurok Set Net"
"33","YTFP","YP","Yurok Dip Net"
"33","YTFP","YD","Yurok Drift Gillnet"
"34","YTFP","YA","Yurok Angler"
"39","CDFO","10","Gillnet"
"39","CDFO","12","Dip Net"
"39","CDFO","30","Troll"
"39","CDFO","11","Set Net"
"39","CDFO","07","Rod and Reel"
"39","CDFO","00","Unspecified Gear"
"39","CDFO","85","Spear"
"39","CDFO","33","Troll - Ice Boat"
"39","YTFP","YO","Yurok Other/Unknown"
"39","YTFP","YS","Yurok Set Net"
"39","YTFP","YD","Yurok Drift Gillnet"
"39","YTFP","YP","Yurok Dip Net"
"39","CDFO","70","Beach Seine"
"39","YTFP","YA","Yurok Angler"
"40","NMFS","S1_N","Marine Sport"
"40","WDFW","95","Marine Sport"
"40","ODFW","11","Ocean Sport"
"40","ADFG","S1_N","Marine Sport (DE,DT,MB,MR,MS)"
"40","CDFW","03","Sport"
"40","CDFO","07","Rod and Reel"
"41","WDFW","95","Marine Sport"
"41","CDFW","01","Sport - Charter"
"42","WDFW","95","Marine Sport"
"42","CDFW","02","Sport - Skiff"
"43","WDFW","95","Marine Sport"
"44","ODFW","12","Columbia River Sport"
"45","ODFW","32","Estuary Sport"
"45","WDFW","95","Marine Sport"
"46","ODFW","27","Freshwater Sport"
"46","WDFW","96","Freshwater Sport"
"46","ODFW","49","Siuslaw River Sport"
"46","USFWS","51","Creel Survey"
"46","ADFG","S2_N","Freshwater Sport (FF)"
"46","CDFO","47","Freshwater Sport"
"46","ODFW","14","Spring Sport"
"46","ODFW","26","Deschutes River Sport"
"46","ODFW","40","Mid-Columbia River Sport"
"46","ODFW","47","Elk River Sport"
"46","ODFW","41","Salmon River Sport"
"46","ODFW","44","Multnomah Channel"
"46","CDFO","07","Rod and Reel"
"46","ODFW","48","Chetco River Sport"
"47","WDFW","97","Freshwater Sport Snagging"
"48","ADFG","S3_N","Terminal Sport (TF)"
"48","NMFS","76","Terminal Sport"
"49","ADFG","P_N","Personal Use"
"49","CDFO","07","Rod and Reel"
"50","ADFG","R_N","Rack Returns"
"50","CDFW","50","Hatchery"
"50","NPT","50","Escapement"
"50","CDFO","40","Hatchery Rack"
"50","NMFS","50","Hatchery Returns"
"50","ODFW","21","ODFW Hatcheries"
"50","ODFW","22","Other Oregon Hatcheries"
"50","ODFW","23","Oregon Private Hatcheries"
"50","WDFW","01","Hatchery"
"50","ADFG","H_N","Hatchery Returns"
"50","USFWS","50","Hatchery Returns"
"50","NWIFC","50","Escapement"
"50","CCT","50","Hatchery Rack"
"50","WDFW","04","Fish Trap"
"51","CDFW","51","Fish Screen"
"52","WDFW","04","Fish Trap"
"52","CCT","52","Fish Trap"
"52","CDFW","52","Fish Trap"
"52","CDFO","42","Trap"
"52","NMFS","52","Fish Trap"
"52","ODFW","24","Fish Trap"
"52","WDFW","03","Spawning Ground"
"52","NWIFC","52","Fish Trap"
"53","NWIFC","53","Brood Stocking"
"53","STIL","53","Brood Stocking"
"53","WDFW","02","Wild Broodstock Collection"
"53","CDFO","43","Wild Broodstock Collection"
"53","QUIL","53","Brood Stocking"
"54","CDFW","54","Spawning Ground"
"54","ADFG","E_N","Escapement Survey"
"54","WDFW","02","Wild Broodstock Collection"
"54","NWIFC","54","Spawning Ground"
"54","CDFO","41","Spawning Ground"
"54","NPT","54","Spawning Ground"
"54","QUIL","54","Spawning Ground"
"54","NMFS","54","Spawning Ground"
"54","CCT","54","Spawning Ground"
"54","ODFW","18","Spawning Ground Survey"
"54","USFWS","54","Spawning Ground"
"54","STIL","54","Spawning Ground"
"54","WDFW","03","Spawning Ground"
"54","WDFW","04","Fish Trap"
"55","STIL","55","Treaty Drift Gillnet"
"55","ODFW","16","Ceremonial"
"56","ODFW","20","Subsistence"
"56","ADFG","U_N","Subsistence"
"56","WDFW","17","Treaty Drift Gillnet"
"57","CCT","52","Fish Trap"
"57","WDFW","02","Wild Broodstock Collection"
"57","CCT","12","Beach Seine"
"57","CCT","19","Non-treaty Purse Seine"
"57","CCT","24","Freshwater Net (mixed)"
"57","CCT","50","Hatchery Rack"
"59","ODFW","39","Salmon R Combined Escapement"
"61","ODFW","15","Columbia River Test"
"61","CDFO","10","Gillnet"
"61","WDFW","16","Set Gillnet"
"61","WDFW","14","Non-treaty Drift Gillnet"
"62","WDFW","19","Non-treaty Purse Seine"
"62","WDFW","29","Treaty Purse Seine"
"63","WDFW","98","Pound Net Trap"
"64","ADFG","41_N","Test Fish Run Strength"
"64","ODFW","45","Test Fishery Unknown Multiple Gear"
"64","ADFG","43_N","Test Fish Long Term Assessment"
"64","CDFO","10","Gillnet"
"64","ADFG","42_N","Test Fish Special Study"
"65","ODFW","46","Dead Fish Survey (Lower Willamette Spawn)"
"65","ODFW","65","Dead Fish Survey"
"65","CDFO","00","Not Specified"
"69","ODFW","37","Test Fishery Recreational Bay"
"70","NMFS","05","Juvenile Sampling - Troll"
"71","NMFS","04","Juvenile Sampling - Gillnet"
"72","WDFW","12","Juvenile Sampling - Seine"
"72","NMFS","12","Juvenile Sampling - Seine"
"72","NMFS","13","Juvenile Sampling - Beach Seine"
"72","NMFS","O","Outmigration Sampling - Ocean"
"72","ODFW","19","OSU Experimental Ocean Purse Seine"
"73","NMFS","C","Outmigrant Sampling - Columbia River"
"73","NMFS","S","Outmigrant Sampling - Snake River"
"73","ODFW","28","Juvenile Sampling - Freshwater"
"74","NMFS","74","Juvenile Sampling - Trawl"
"79","ADFG","J_N","Juvenile"
"79","WDFW","32","Otter Trawl"
"80","NMFS","802","At-Sea Hake Midwater Trawl Bycatch"
"80","ODFW","34","NMFS High Seas Trawl Bycatch"
"800","NMFSNWR","800","Shoreside Midwater Trawl Bycatch"
"802","NMFS","802","At-Sea Midwater Trawl Bycatch"
"803","NMFS","803","At-Sea Bottom Trawl Bycatch"
"804","NMFS","804","Sablefish Fixed Gear Bycatch"
"805","NMFS","805","Nearshore Groundfish Fixed Gear Bycatch"
"805","NMFS","806","Nearshore Groundfish Trawl Bycatch"
"81","NMFS","814","Food Donation Trawl Bycatch"
"81","NMFS","801","Trawl Bycatch"
"81","NMFS","813","Salmon Excluder Device Trawl Bycatch"
"812","NMFS","801","Trawl Bycatch"
"82","NMFS","814","Food Donation Trawl Bycatch"
"82","NMFS","801","At-Sea Trawl Bycatch"
"82","NMFS","813","Salmon Excluder Device Trawl Bycatch"
"83","NMFS","832","Research Longline"
"83","NMFS","834","Research Squid Driftnet"
"83","NMFS","833","Research Trawl"
"83","NMFS","831","Research Gillnet"
"83","NMFS","835","Research Squid Gillnet"
"84","NMFS","842","Research Gillnet"
"84","NMFS","841","Salmon Gillnet"
"85","ODFW","34","Pacific Hake Bycatch"
"85","WDFW","32","Ocean Trawl"
"85","ODFW","33","Pacific High Seas"
"85","ODFW","30","Ocean Trawl Bycatch"
"87","NMFS","87","Squid Gillnet Bycatch"
"88","NMFS","74","Juvenile Sampling - Trawl"
"89","NMFS","820","At-Sea Midwater Groundfish Trawl Bycatch (rsrch)"
"90","ADFG","17_N","Aboriginal Multiple/Unknown gear"
"90","ADFG","1_N","Multiple Fisheries"
"90","ADFG","11_N","Traditional Multiple/Unknown gear"
"90","CDFO","10","Gillnet"
"90","ADFG","1_5","Multiple Fisheries Troll"
"90","ADFG","1_3","Multiple Fisheries Gillnet"
"90","ADFG","1_1","Multiple Fisheries Seine"
"90","CDFO","00","Not Specified"
"90","ADFG","4_N","Test Fishery"
"90","ADFG","12_N","Terminal Area Multiple/Unknown gear"
"90","ADFG","3_N","Miscellaneous Multiple Fisheries"
"90","CDFO","33","Troll - Ice Boat"
"90","CDFO","15","Mixed Net"
"90","CDFO","30","Troll"
"91","ADFG","22_N","PNP Hatchery Carcasses"
"91","ADFG","27_N","PNP Hatchery Donated"
"91","ADFG","24_N","State Hatchery Carcasses"
"91","ADFG","23_N","State Hatchery Cost Recovery"
"91","ADFG","28_N","State Hatchery Donated"
"91","NMFS","21_N","Hatchery Miscellaneous"
"91","ADFG","2_N","Hatchery Miscellaneous"
"91","ADFG","21_N","PNP Hatchery Cost Recovery"
"92","ODFW","17","Columbia River Shad"
"93","ODFW","31","Columbia River Set Line (Sturgeon)"
"94","ADFG","17_0","M.I.C. Trap"
"94","ADFG","11_0","Traditional Trap"
"95","ADFG","18_5","Confiscated Troll"
"95","ADFG","18_1","Confiscated Purse Seine"
"95","ADFG","18_3","Confiscated Drift Gillnet"
"95","ADFG","18_4","Confiscated Set Gillnet"
"95","ADFG","18_8","Confiscated Fish Wheel"
"99","ADFG","33_N","Discarded Catch"
"99","ADFG","O_N","Other"
"99","ADFG","34_N","Oil Spill Victum"
"99","ADFG","37_N","Donated Catch"
"99","ADFG","35_N","Education Permit"
"99","CDFO","07","Sport"
"99","ADFG","36_N","NMFS Foodbank"
"99","ADFG","31_N","Derby Sale"
