mark_code, mark_name
"0000","No external marks"
"0001","Left Ventral"
"0002","Right Ventral"
"0009","Unknown or unspecified mark"
"0050","Left Ventral Right Ventral"
"0051","Left Ventral Left Pectoral"
"0052","Left Ventral Right Pectoral"
"0053","Left Ventral Left Maxillary"
"0054","Left Ventral Right Ventral Left Max"
"0055","Left Ventral Right Ventral Right Max"
"0056","Left Ventral Right Maxillary"
"0057","Left Ventral Dorsal"
"0058","Left Ventral Anal"
"0059","Left Ventral Caudal"
"0060","Left Ventral Freeze Brand"
"0061","Left Ventral + Elastomer Injection Left Eye"
"0070","Right Ventral Left Pectoral"
"0071","Right Ventral Right Pectoral"
"0072","Right Ventral Left Maxillary"
"0073","Right Ventral Right Maxillary"
"0074","Right Ventral Dorsal"
"0075","Right Ventral Anal"
"0076","Right Ventral Caudal"
"0077","Right Ventral Freeze Brand"
"0090","Left Pectoral"
"0091","Left Pectoral Left Maxillary"
"0092","Left Pectoral Right Maxillary"
"0093","Left Pectoral Right Maxillary Anal"
"0094","Left Pectoral Dorsal"
"0095","Left Pectoral Anal"
"0100","Right Pectoral"
"0101","Right Pectoral Left Maxillary"
"0102","Right Pectoral Right Maxillary"
"0103","Right Pectoral Right Maxillary Anal"
"0104","Right Pectoral Dorsal"
"0105","Right Pectoral Anal"
"0110","Left Maxillary"
"0111","Left Maxillary Right Maxillary"
"0112","Left Maxillary Dorsal"
"0113","Left Maxillary Anal"
"0120","Right Maxillary"
"0121","Right Maxillary Dorsal"
"0122","Right Maxillary Anal"
"0130","Dorsal"
"0132","Dorsal Elastomer Injection Right Eye Green"
"0140","Anal"
"0150","Caudal"
"0151","Caudal Elastomer Injection Left Eye Red"
"0152","Caudal Elastomer Injection Right Eye Red"
"0190","Jet"
"0200","Visual Implant Alpha-numeric"
"0201","Visual Implant Elastomer Injection"
"0202","Visual Implant Fluorescent Filament"
"0203","Elastomer Injection Left Eye Blue"
"0204","Elastomer Injection Right Eye Blue"
"0205","Elastomer Injection Left Eye Red"
"0206","Elastomer Injection Right Eye Red"
"0207","Elastomer Injection Left Eye Green"
"0208","Elastomer Injection Right Eye Green"
"0209","Elastomer Injection Left Eye Orange"
"0210","Elastomer Injection Right Eye Orange"
"0211","Jet Left Ventral"
"0212","Jet Left Pectoral"
"0213","Jet Anal"
"0214","Elastomer Injection Left Eye Yellow"
"0215","Elastomer Injection Right Eye Yellow"
"0216","Elastomer Injection Left Jaw Green"
"0218","Elastomer Injection Left Eye Pink"
"0219","Elastomer Injection Right Eye Pink"
"0300","Freeze Brand"
"0350","PIT tag"
"0400","Floy tag"
"0500","Otolith"
"0501","Otolith + Left Ventral"
"0502","Otolith + Right Ventral"
"0520","Otolith + Right Maxillary"
"0600","Wire Tag in Area Other Than Snout"
"5000","Adipose clip  (Ad)"
"5001","Ad + Left Ventral"
"5002","Ad + Right Ventral"
"5009","Ad + Unknown or unspecified mark"
"5050","Ad + Left Ventral Right Ventral"
"5051","Ad + Left Ventral Left Pectoral"
"5052","Ad + Left Ventral Right Pectoral"
"5053","Ad + Left Ventral Left Maxillary"
"5054","Ad + Left Ventral Right Ventral  Left Maxillary"
"5055","Ad + Left Ventral Right Ventral  Right Maxillary"
"5056","Ad + Left Ventral Right Maxillary"
"5057","Ad + Left Ventral Dorsal"
"5058","Ad + Left Ventral Anal"
"5059","Ad + Left Ventral Caudal"
"5060","Ad + Left Ventral Freeze Brand"
"5061","Ad + Left Ventral + Elastomer Injection Left Eye"
"5070","Ad + Right Ventral Left Pectoral"
"5071","Ad + Right Ventral Right Pectoral"
"5072","Ad + Right Ventral Left Maxillary"
"5073","Ad + Right Ventral Right Maxillary"
"5074","Ad + Right Ventral Dorsal"
"5075","Ad + Right Ventral Anal"
"5076","Ad + Right Ventral Caudal"
"5077","Ad + Right Ventral Freeze Brand"
"5090","Ad + Left Pectoral"
"5091","Ad + Left Pectoral Left Maxillary"
"5092","Ad + Left Pectoral Right Maxillary"
"5093","Ad + Left Pectoral Right Maxillary Anal"
"5094","Ad + Left Pectoral Dorsal"
"5095","Ad + Left Pectoral Anal"
"5100","Ad + Right Pectoral"
"5101","Ad + Right Pectoral Left Maxillary"
"5102","Ad + Right Pectoral Right Maxillary"
"5103","Ad + Right Pectoral Right Maxillary Anal"
"5104","Ad + Right Pectoral Dorsal"
"5105","Ad + Right Pectoral Anal"
"5110","Ad + Left Maxillary"
"5111","Ad + Left Maxillary Right Maxillary"
"5112","Ad + Left Maxillary Dorsal"
"5113","Ad + Left Maxillary Anal"
"5120","Ad + Right Maxillary"
"5121","Ad + Right Maxillary Dorsal"
"5122","Ad + Right Maxillary Anal"
"5130","Ad + Dorsal"
"5130","Ad + Dorsal Elastomer Injection Right Eye Green"
"5140","Ad + Anal"
"5150","Ad + Caudal"
"5151","Ad + Caudal Elastomer Injection Left Eye Red"
"5152","Ad + Caudal Elastomer Injection Right Eye Red"
"5190","Ad + Jet"
"5200","Ad + Visual Implant Alpha-numeric"
"5201","Ad + Visual Implant Elastomer Injection"
"5202","Ad + Visual Implant Fluorescent Filament"
"5203","Ad + Elastomer Injection Left Eye Blue"
"5204","Ad + Elastomer Injection Right Eye Blue"
"5205","Ad + Elastomer Injection Left Eye Red"
"5206","Ad + Elastomer Injection Right Eye Red"
"5207","Ad + Elastomer Injection Left Eye Green"
"5208","Ad + Elastomer Injection Right Eye Green"
"5209","Ad + Elastomer Injection Left Eye Orange"
"5210","Ad + Elastomer Injection Right Eye Orange"
"5211","Ad + Jet Left Ventral"
"5212","Ad + Jet Left Pectoral"
"5213","Ad + Jet Anal"
"5214","Ad + Elastomer Injection Left Eye Yellow"
"5215","Ad + Elastomer Injection Right Eye Yellow"
"5216","Ad + Elastomer Injection Left Jaw Green"
"5218","Ad + Elastomer Injection Left Eye Pink"
"5218","Ad + Elastomer Injection Right Eye Pink"
"5300","Ad + Freeze Brand"
"5350","Ad + PIT tag"
"5351","Ad + Left Ventral + PIT Tag"
"5400","Ad + Floy tag"
"5500","Ad + Otolith"
"5501","Ad + Otolith + Left Ventral"
"5502","Ad + Otolith + Right Ventral"
"5520","Ad + Otolith + Right Maxillary"
"5600","Ad + Wire Tag in Area Other Than Snout"
"9000","Adipose Clip Unknown + No other external Marks"
"9001","Adipose Clip Unknown + Left Ventral"
"9009","Adipose Clip Unknown + Totally Unknown other Marks"
"9205","Adipose Clip Unknown + Elastomer Inj Left Eye Red"
